preset_path,source_group,status,reason,candidate_url,http_status,content_type,redirect_url
3D Assets/Daz3d/parts/daz3d docs parser.png,3D Assets,geht,ok,http://docs.daz3d.com/doku.php/public/read_me/index/,200,text/html; charset=utf-8,https://docs.daz3d.com/public/read_me/index/start
3D Assets/Daz3d/parts/daz3d store product page parser.png,3D Assets,geht,ok,http://docs.daz3d.com/doku.php/public/read_me/index/,200,text/html; charset=utf-8,https://docs.daz3d.com/public/read_me/index/start
3D Assets/Daz3d/parts/daz3d.com docs page.png,3D Assets,geht,ok,http://docs.daz3d.com/doku.php/public/read_me/index/50189/start,200,text/html; charset=utf-8,https://docs.daz3d.com/public/read_me/index/50000_50999/50189/start
3D Assets/Daz3d/parts/daz3d.com gcdn.png,3D Assets,geht,ok,https://gcdn.daz3d.com/p/50189/i/sydforceromang8f-daz3d-main.jpg,200,image/jpeg,https://gcdn.daz3d.com/p/50189/i/sydforceromang8f-daz3d-main.jpg
3D Assets/Daz3d/parts/daz3d.com store page.png,3D Assets,geht,ok,https://www.daz3d.com/sy-dforce-roman-clothing-pack-genesis-8-female,200,text/html; charset=utf-8,https://www.daz3d.com/sy-dforce-roman-clothing-pack-genesis-8-female
3D Assets/Renderosity/renderosity_product_page_2018.09.20.png,3D Assets,geht,ok,https://www.renderosity.com/mod/bcs/dforce-shinobi-outfit-for-genesis-3-and-genesis-8-female/127006/,200,text/html; charset=UTF-8,https://www.renderosity.com/marketplace/products/127006/dforce-shinobi-outfit-for-genesis-3-and-genesis-8-female
3D Assets/Renderosity/renderosity_vendor_page_2018.09.20.png,3D Assets,geht,ok,https://www.renderosity.com/mod/bcs/vendor/Deacon215,200,text/html; charset=UTF-8,https://www.renderosity.com
3D Assets/forender_product_page_2018.09.20.png,3D Assets,geht,ok,http://forender.com/component/mijoshop/product/1623-ov-sambra-04.html,200,text/html; charset=utf-8,https://forender.com/component/mijoshop/product/1623-ov-sambra-04.html
4archive/4archive.org_file_2019.11.17.png,4archive,geht,ok,https://cdn.4archive.org/img/3sONPOT.jpg,200,image/webp,https://cdn.4archive.org/img/3sONPOT.jpg
4archive/4archive.org_thread_2019.11.17.png,4archive,geht,ok,https://4archive.org/board/b/thread/742057734/we-need-a-slutty-cosplay-thread,200,text/html; charset=UTF-8,https://4archive.org/board/b/thread/742057734/we-need-a-slutty-cosplay-thread
4archive/4archive_0.2_parser_2019.11.17.png,4archive,geht,ok,https://4archive.org/board/b/thread/742057734/we-need-a-slutty-cosplay-thread,200,text/html; charset=UTF-8,https://4archive.org/board/b/thread/742057734/we-need-a-slutty-cosplay-thread
ATF (AllTheFallen)/allthefallen-2021.07.13.png,ATF (AllTheFallen),geht,ok,https://booru.allthefallen.moe/posts/235544,200,text/html; charset=utf-8,https://booru.allthefallen.moe/posts/235544
Adultempire/adultempire.com_file_image_2018.09.20.png,Adultempire,geht,ok,https://imgs1cdn.adultempire.com/galleries/45/431882020496074345_1200.jpg,200,image/jpeg,https://imgs1cdn.adultempire.com/galleries/45/431882020496074345_1200.jpg
Adultempire/adultempire.com_file_thumbnail_2018.09.20.png,Adultempire,geht,ok,https://caps2cdn.adultempire.com/q/6433/1280/1696433_04620_1280c.jpg,200,image/jpeg,https://caps2cdn.adultempire.com/q/6433/1280/1696433_04620_1280c.jpg
Adultempire/adultempire.com_gallery_base_2018.09.20.png,Adultempire,geht,ok,https://www.adultempire.com/5875/gallery.html,200,text/html; charset=utf-8,https://www.adultempire.com:443/AgeConfirmation?url2=/5875/gallery.html
Adultempire/adultempire.com_gallery_pages_2018.09.20.png,Adultempire,geht,ok,https://www.adultempire.com/5875/gallery.html?page=1,200,text/html; charset=utf-8,https://www.adultempire.com:443/AgeConfirmation?url2=/5875/gallery.html?page=1
Adultempire/adultempire.com_gallery_pornstar_2018.09.20.png,Adultempire,geht,ok,https://www.adultempire.com/galleries/657471/dakota-skye-pornstars.html,200,text/html; charset=utf-8,https://www.adultempire.com:443/AgeConfirmation?url2=/galleries/657471/dakota-skye-pornstars.html
Adultempire/adultempire.com_movie_2018.09.20.png,Adultempire,geht,ok,https://www.adultempire.com/5875/gallery.html,200,text/html; charset=utf-8,https://www.adultempire.com:443/AgeConfirmation?url2=/5875/gallery.html
Adultempire/adultempire.com_photo_gallery_parser_2018.09.20.png,Adultempire,geht,ok,https://imgs1cdn.adultempire.com/galleries/53/799163698010952553_5000.jpg,200,image/jpeg,https://imgs1cdn.adultempire.com/galleries/53/799163698010952553_5000.jpg
Adultempire/adultempire.com_pornstar_gallery_parser_2018.09.20.png,Adultempire,geht,ok,https://www.adultempire.com/galleries/657471/dakota-skye-pornstars.html#tabs,200,text/html; charset=utf-8,https://www.adultempire.com:443/AgeConfirmation?url2=/galleries/657471/dakota-skye-pornstars.html#tabs
Arch.bk4/arch.b4k.co_redirect_file_url_2019.11.17.png,Arch.bk4,geht,ok,https://arch.b4k.co/g/redirect/1573999848370.jpg,200,text/html; charset=UTF-8,https://arch.b4k.dev/g/redirect/1573999848370.jpg
Arch.bk4/arch.b4k.co_thread_page_2019.11.17.png,Arch.bk4,geht,ok,https://arch.b4k.co/g/thread/73611932/,200,text/html; charset=UTF-8,https://arch.b4k.dev/g/thread/73611932/
Arch.bk4/arch.b4k.co_thread_parser_2019.11.17.png,Arch.bk4,geht,ok,https://arch.b4k.co/g/thread/73611932/,200,text/html; charset=UTF-8,https://arch.b4k.dev/g/thread/73611932/
Archiveofsins/archiveofsins_thread_2018.12.6.png,Archiveofsins,geht,ok,https://archiveofsins.com/s/thread/18553957/,200,text/html; charset=UTF-8,https://archiveofsins.com/s/thread/18553957/
Booru.org/GUGs/zzz_-_0-o@booru.org_tag_search_2018.09.20.png,Booru.org,geht,ok,https://0-o.booru.org/index.php?page=post&s=list,200,text/html; charset=UTF-8,https://0-o.booru.org/index.php?page=post&s=list
Booru.org/GUGs/zzz_-_00@booru.org_tag_search_2018.09.20.png,Booru.org,geht,ok,https://00.booru.org/index.php?page=post&s=list,200,text/html; charset=UTF-8,https://00.booru.org/index.php?page=post&s=list
Booru.org/GUGs/zzz_-_020492@booru.org_tag_search_2018.09.20.png,Booru.org,geht,ok,https://020492.booru.org/index.php?page=post&s=list,200,text/html; charset=UTF-8,https://020492.booru.org/index.php?page=post&s=list
Booru.org/GUGs/zzz_-_0303@booru.org_tag_search_2018.09.20.png,Booru.org,geht,ok,https://0303.booru.org/index.php?page=post&s=list,200,text/html; charset=UTF-8,https://0303.booru.org/index.php?page=post&s=list
Booru.org/GUGs/zzz_-_0bscur@booru.org_tag_search_2018.09.20.png,Booru.org,geht,ok,https://0bscur.booru.org/index.php?page=post&s=list,200,text/html; charset=UTF-8,https://0bscur.booru.org/index.php?page=post&s=list
Booru.org/GUGs/zzz_-_0milk0@booru.org_tag_search_2018.09.20.png,Booru.org,geht,ok,https://0milk0.booru.org/index.php?page=post&s=list,200,text/html; charset=UTF-8,https://0milk0.booru.org/index.php?page=post&s=list
Booru.org/GUGs/zzz_-_100oj@booru.org_tag_search_2018.09.20.png,Booru.org,geht,ok,https://100oj.booru.org/index.php?page=post&s=list,200,text/html; charset=UTF-8,https://100oj.booru.org/index.php?page=post&s=list
Booru.org/GUGs/zzz_-_101@booru.org_tag_search_2018.09.20.png,Booru.org,geht,ok,https://101.booru.org/index.php?page=post&s=list,200,text/html; charset=UTF-8,https://101.booru.org/index.php?page=post&s=list
Booru.org/GUGs/zzz_-_13@booru.org_tag_search_2018.09.20.png,Booru.org,geht,ok,https://13.booru.org/index.php?page=post&s=list,200,text/html; charset=UTF-8,https://13.booru.org/index.php?page=post&s=list
Booru.org/GUGs/zzz_-_3ds@booru.org_tag_search_2018.09.20.png,Booru.org,geht,ok,https://3ds.booru.org/index.php?page=post&s=list,200,text/html; charset=UTF-8,https://3ds.booru.org/index.php?page=post&s=list
Booru.org/GUGs/zzz_-_acb@booru.org_tag_search_2018.09.20.png,Booru.org,geht,ok,https://acb.booru.org/index.php?page=post&s=list,200,text/html; charset=UTF-8,https://acb.booru.org/index.php?page=post&s=list
Booru.org/GUGs/zzz_-_alien@booru.org_tag_search_2018.09.20.png,Booru.org,geht,ok,https://alien.booru.org/index.php?page=post&s=list,200,text/html; charset=UTF-8,https://alien.booru.org/index.php?page=post&s=list
Booru.org/GUGs/zzz_-_anemone@booru.org_tag_search_2018.09.20.png,Booru.org,geht,ok,https://anemone.booru.org/index.php?page=post&s=list,200,text/html; charset=UTF-8,https://anemone.booru.org/index.php?page=post&s=list
Booru.org/GUGs/zzz_-_animepop@booru.org_tag_search_2018.09.20.png,Booru.org,geht,ok,https://animepop.booru.org/index.php?page=post&s=list,200,text/html; charset=UTF-8,https://animepop.booru.org/index.php?page=post&s=list
Booru.org/GUGs/zzz_-_arousedbambi@booru.org_tag_search_2018.09.20.png,Booru.org,geht,ok,https://arousedbambi.booru.org/index.php?page=post&s=list,200,text/html; charset=UTF-8,https://arousedbambi.booru.org/index.php?page=post&s=list
Booru.org/GUGs/zzz_-_autopia@booru.org_tag_search_2018.09.20.png,Booru.org,geht,ok,https://autopia.booru.org/index.php?page=post&s=list,200,text/html; charset=UTF-8,https://autopia.booru.org/index.php?page=post&s=list
Booru.org/GUGs/zzz_-_barefootcartoongirls@booru.org_tag_search_2018.09.20.png,Booru.org,geht,ok,https://barefootcartoongirls.booru.org/index.php?page=post&s=list,200,text/html; charset=UTF-8,https://barefootcartoongirls.booru.org/index.php?page=post&s=list
Booru.org/GUGs/zzz_-_bigbutt@booru.org_tag_search_2018.09.20.png,Booru.org,geht,ok,https://bigbutt.booru.org/index.php?page=post&s=list,200,text/html; charset=UTF-8,https://bigbutt.booru.org/index.php?page=post&s=list
Booru.org/GUGs/zzz_-_bloodyfeet@booru.org_tag_search_2018.09.20.png,Booru.org,geht,ok,https://bloodyfeet.booru.org/index.php?page=post&s=list,200,text/html; charset=UTF-8,https://bloodyfeet.booru.org/index.php?page=post&s=list
Booru.org/GUGs/zzz_-_brow@booru.org_tag_search_2018.09.20.png,Booru.org,geht,ok,https://brow.booru.org/index.php?page=post&s=list,200,text/html; charset=UTF-8,https://brow.booru.org/index.php?page=post&s=list
Booru.org/GUGs/zzz_-_can@booru.org_tag_search_2018.09.20.png,Booru.org,geht,ok,https://can.booru.org/index.php?page=post&s=list,200,text/html; charset=UTF-8,https://can.booru.org/index.php?page=post&s=list
Booru.org/GUGs/zzz_-_celeb@booru.org_tag_search_2018.09.20.png,Booru.org,geht,ok,https://celeb.booru.org/index.php?page=post&s=list,200,text/html; charset=UTF-8,https://celeb.booru.org/index.php?page=post&s=list
Booru.org/GUGs/zzz_-_chuu@booru.org_tag_search_2018.09.20.png,Booru.org,geht,ok,https://chuu.booru.org/index.php?page=post&s=list,200,text/html; charset=UTF-8,https://chuu.booru.org/index.php?page=post&s=list
Booru.org/GUGs/zzz_-_cockvore@booru.org_tag_search_2018.09.20.png,Booru.org,geht,ok,https://cockvore.booru.org/index.php?page=post&s=list,200,text/html; charset=UTF-8,https://cockvore.booru.org/index.php?page=post&s=list
Booru.org/GUGs/zzz_-_ct@booru.org_tag_search_2018.09.20.png,Booru.org,geht,ok,https://ct.booru.org/index.php?page=post&s=list,200,text/html; charset=UTF-8,https://ct.booru.org/index.php?page=post&s=list
Booru.org/GUGs/zzz_-_dante@booru.org_tag_search_2018.09.20.png,Booru.org,geht,ok,https://dante.booru.org/index.php?page=post&s=list,200,text/html; charset=UTF-8,https://dante.booru.org/index.php?page=post&s=list
Booru.org/GUGs/zzz_-_desk@booru.org_tag_search_2018.09.20.png,Booru.org,geht,ok,https://desk.booru.org/index.php?page=post&s=list,200,text/html; charset=UTF-8,https://desk.booru.org/index.php?page=post&s=list
Booru.org/GUGs/zzz_-_dm@booru.org_tag_search_2018.09.20.png,Booru.org,geht,ok,https://dm.booru.org/index.php?page=post&s=list,200,text/html; charset=UTF-8,https://dm.booru.org/index.php?page=post&s=list
Booru.org/GUGs/zzz_-_dpgen@booru.org_tag_search_2018.09.20.png,Booru.org,geht,ok,https://dpgen.booru.org/index.php?page=post&s=list,200,text/html; charset=UTF-8,https://dpgen.booru.org/index.php?page=post&s=list
Booru.org/GUGs/zzz_-_dubnium@booru.org_tag_search_2018.09.20.png,Booru.org,geht,ok,https://dubnium.booru.org/index.php?page=post&s=list,200,text/html; charset=UTF-8,https://dubnium.booru.org/index.php?page=post&s=list
Booru.org/GUGs/zzz_-_elven@booru.org_tag_search_2018.09.20.png,Booru.org,geht,ok,https://elven.booru.org/index.php?page=post&s=list,200,text/html; charset=UTF-8,https://elven.booru.org/index.php?page=post&s=list
Booru.org/GUGs/zzz_-_fairy@booru.org_tag_search_2018.09.20.png,Booru.org,geht,ok,https://fairy.booru.org/index.php?page=post&s=list,200,text/html; charset=UTF-8,https://fairy.booru.org/index.php?page=post&s=list
Booru.org/GUGs/zzz_-_fatebooru@booru.org_tag_search_2018.09.20.png,Booru.org,geht,ok,https://fatebooru.booru.org/index.php?page=post&s=list,200,text/html; charset=UTF-8,https://fatebooru.booru.org/index.php?page=post&s=list
Booru.org/GUGs/zzz_-_fem@booru.org_tag_search_2018.09.20.png,Booru.org,geht,ok,https://fem.booru.org/index.php?page=post&s=list,200,text/html; charset=UTF-8,https://fem.booru.org/index.php?page=post&s=list
Booru.org/GUGs/zzz_-_flipflopz@booru.org_tag_search_2018.09.20.png,Booru.org,geht,ok,https://flipflopz.booru.org/index.php?page=post&s=list,200,text/html; charset=UTF-8,https://flipflopz.booru.org/index.php?page=post&s=list
Booru.org/GUGs/zzz_-_french@booru.org_tag_search_2018.09.20.png,Booru.org,geht,ok,https://french.booru.org/index.php?page=post&s=list,200,text/html; charset=UTF-8,https://french.booru.org/index.php?page=post&s=list
Booru.org/GUGs/zzz_-_gaygarbage@booru.org_tag_search_2018.09.20.png,Booru.org,geht,ok,https://gaygarbage.booru.org/index.php?page=post&s=list,200,text/html; charset=UTF-8,https://gaygarbage.booru.org/index.php?page=post&s=list
Booru.org/GUGs/zzz_-_goldengate@booru.org_tag_search_2018.09.20.png,Booru.org,geht,ok,https://goldengate.booru.org/index.php?page=post&s=list,200,text/html; charset=UTF-8,https://goldengate.booru.org/index.php?page=post&s=list
Booru.org/GUGs/zzz_-_guuro@booru.org_tag_search_2018.09.20.png,Booru.org,geht,ok,https://guuro.booru.org/index.php?page=post&s=list,200,text/html; charset=UTF-8,https://guuro.booru.org/index.php?page=post&s=list
Booru.org/GUGs/zzz_-_hatenahaiku@booru.org_tag_search_2018.09.20.png,Booru.org,geht,ok,https://hatenahaiku.booru.org/index.php?page=post&s=list,200,text/html; charset=UTF-8,https://hatenahaiku.booru.org/index.php?page=post&s=list
Booru.org/GUGs/zzz_-_hentaieditorium@booru.org_tag_search_2018.09.20.png,Booru.org,geht,ok,https://hentaieditorium.booru.org/index.php?page=post&s=list,200,text/html; charset=UTF-8,https://hentaieditorium.booru.org/index.php?page=post&s=list
Booru.org/GUGs/zzz_-_homestuck@booru.org_tag_search_2018.09.20.png,Booru.org,geht,ok,https://homestuck.booru.org/index.php?page=post&s=list,200,text/html; charset=UTF-8,https://homestuck.booru.org/index.php?page=post&s=list
Booru.org/GUGs/zzz_-_hsmt@booru.org_tag_search_2018.09.20.png,Booru.org,geht,ok,https://hsmt.booru.org/index.php?page=post&s=list,200,text/html; charset=UTF-8,https://hsmt.booru.org/index.php?page=post&s=list
Booru.org/GUGs/zzz_-_imasbooru@booru.org_tag_search_2018.09.20.png,Booru.org,geht,ok,https://imasbooru.booru.org/index.php?page=post&s=list,200,text/html; charset=UTF-8,https://imasbooru.booru.org/index.php?page=post&s=list
Booru.org/GUGs/zzz_-_japari@booru.org_tag_search_2018.09.20.png,Booru.org,geht,ok,https://japari.booru.org/index.php?page=post&s=list,200,text/html; charset=UTF-8,https://japari.booru.org/index.php?page=post&s=list
Booru.org/GUGs/zzz_-_jp@booru.org_tag_search_2018.09.20.png,Booru.org,geht,ok,https://jp.booru.org/index.php?page=post&s=list,200,text/html; charset=UTF-8,https://jp.booru.org/index.php?page=post&s=list
Booru.org/GUGs/zzz_-_ki@booru.org_tag_search_2018.09.20.png,Booru.org,geht,ok,https://ki.booru.org/index.php?page=post&s=list,200,text/html; charset=UTF-8,https://ki.booru.org/index.php?page=post&s=list
Booru.org/GUGs/zzz_-_kobooru@booru.org_tag_search_2018.09.20.png,Booru.org,geht,ok,https://kobooru.booru.org/index.php?page=post&s=list,200,text/html; charset=UTF-8,https://kobooru.booru.org/index.php?page=post&s=list
Booru.org/GUGs/zzz_-_kvg@booru.org_tag_search_2018.09.20.png,Booru.org,geht,ok,https://kvg.booru.org/index.php?page=post&s=list,200,text/html; charset=UTF-8,https://kvg.booru.org/index.php?page=post&s=list
Booru.org/GUGs/zzz_-_locodol@booru.org_tag_search_2018.09.20.png,Booru.org,geht,ok,https://locodol.booru.org/index.php?page=post&s=list,200,text/html; charset=UTF-8,https://locodol.booru.org/index.php?page=post&s=list
Booru.org/GUGs/zzz_-_lucidstuck@booru.org_tag_search_2018.09.20.png,Booru.org,geht,ok,https://lucidstuck.booru.org/index.php?page=post&s=list,200,text/html; charset=UTF-8,https://lucidstuck.booru.org/index.php?page=post&s=list
Booru.org/GUGs/zzz_-_madokami@booru.org_tag_search_2018.09.20.png,Booru.org,geht,ok,https://madokami.booru.org/index.php?page=post&s=list,200,text/html; charset=UTF-8,https://madokami.booru.org/index.php?page=post&s=list
Booru.org/GUGs/zzz_-_mascobooru@booru.org_tag_search_2018.09.20.png,Booru.org,geht,ok,https://mascobooru.booru.org/index.php?page=post&s=list,200,text/html; charset=UTF-8,https://mascobooru.booru.org/index.php?page=post&s=list
Booru.org/GUGs/zzz_-_melt@booru.org_tag_search_2018.09.20.png,Booru.org,geht,ok,https://melt.booru.org/index.php?page=post&s=list,200,text/html; charset=UTF-8,https://melt.booru.org/index.php?page=post&s=list
Booru.org/GUGs/zzz_-_minkye@booru.org_tag_search_2018.09.20.png,Booru.org,geht,ok,https://minkye.booru.org/index.php?page=post&s=list,200,text/html; charset=UTF-8,https://minkye.booru.org/index.php?page=post&s=list
Booru.org/GUGs/zzz_-_mithra@booru.org_tag_search_2018.09.20.png,Booru.org,geht,ok,https://mithra.booru.org/index.php?page=post&s=list,200,text/html; charset=UTF-8,https://mithra.booru.org/index.php?page=post&s=list
Booru.org/GUGs/zzz_-_mousehole@booru.org_tag_search_2018.09.20.png,Booru.org,geht,ok,https://mousehole.booru.org/index.php?page=post&s=list,200,text/html; charset=UTF-8,https://mousehole.booru.org/index.php?page=post&s=list
Booru.org/GUGs/zzz_-_myxhentai@booru.org_tag_search_2018.09.20.png,Booru.org,geht,ok,https://myxhentai.booru.org/index.php?page=post&s=list,200,text/html; charset=UTF-8,https://myxhentai.booru.org/index.php?page=post&s=list
Booru.org/GUGs/zzz_-_nendoroidbooru@booru.org_tag_search_2018.09.20.png,Booru.org,geht,ok,https://nendoroidbooru.booru.org/index.php?page=post&s=list,200,text/html; charset=UTF-8,https://nendoroidbooru.booru.org/index.php?page=post&s=list
Booru.org/GUGs/zzz_-_nodoka@booru.org_tag_search_2018.09.20.png,Booru.org,geht,ok,https://nodoka.booru.org/index.php?page=post&s=list,200,text/html; charset=UTF-8,https://nodoka.booru.org/index.php?page=post&s=list
Booru.org/GUGs/zzz_-_omni@booru.org_tag_search_2018.09.20.png,Booru.org,geht,ok,https://omni.booru.org/index.php?page=post&s=list,200,text/html; charset=UTF-8,https://omni.booru.org/index.php?page=post&s=list
Booru.org/GUGs/zzz_-_originals@booru.org_tag_search_2018.09.20.png,Booru.org,geht,ok,https://originals.booru.org/index.php?page=post&s=list,200,text/html; charset=UTF-8,https://originals.booru.org/index.php?page=post&s=list
Booru.org/GUGs/zzz_-_pajamaman@booru.org_tag_search_2018.09.20.png,Booru.org,geht,ok,https://pajamaman.booru.org/index.php?page=post&s=list,200,text/html; charset=UTF-8,https://pajamaman.booru.org/index.php?page=post&s=list
Booru.org/GUGs/zzz_-_peachyfeet@booru.org_tag_search_2018.09.20.png,Booru.org,geht,ok,https://peachyfeet.booru.org/index.php?page=post&s=list,200,text/html; charset=UTF-8,https://peachyfeet.booru.org/index.php?page=post&s=list
Booru.org/GUGs/zzz_-_pizzatower@booru.org_tag_search_2018.09.20.png,Booru.org,geht,ok,https://pizzatower.booru.org/index.php?page=post&s=list,200,text/html; charset=UTF-8,https://pizzatower.booru.org/index.php?page=post&s=list
Booru.org/GUGs/zzz_-_pome@booru.org_tag_search_2018.09.20.png,Booru.org,geht,ok,https://pome.booru.org/index.php?page=post&s=list,200,text/html; charset=UTF-8,https://pome.booru.org/index.php?page=post&s=list
Booru.org/GUGs/zzz_-_psg@booru.org_tag_search_2018.09.20.png,Booru.org,geht,ok,https://psg.booru.org/index.php?page=post&s=list,200,text/html; charset=UTF-8,https://psg.booru.org/index.php?page=post&s=list
Booru.org/GUGs/zzz_-_rachroxy@booru.org_tag_search_2018.09.20.png,Booru.org,geht,ok,https://rachroxy.booru.org/index.php?page=post&s=list,200,text/html; charset=UTF-8,https://rachroxy.booru.org/index.php?page=post&s=list
Booru.org/GUGs/zzz_-_re2@booru.org_tag_search_2018.09.20.png,Booru.org,geht,ok,https://re2.booru.org/index.php?page=post&s=list,200,text/html; charset=UTF-8,https://re2.booru.org/index.php?page=post&s=list
Booru.org/GUGs/zzz_-_rid@booru.org_tag_search_2018.09.20.png,Booru.org,geht,ok,https://rid.booru.org/index.php?page=post&s=list,200,text/html; charset=UTF-8,https://rid.booru.org/index.php?page=post&s=list
Booru.org/GUGs/zzz_-_s621@booru.org_tag_search_2018.09.20.png,Booru.org,geht,ok,https://s621.booru.org/index.php?page=post&s=list,200,text/html; charset=UTF-8,https://s621.booru.org/index.php?page=post&s=list
Booru.org/GUGs/zzz_-_saniruby@booru.org_tag_search_2018.09.20.png,Booru.org,geht,ok,https://saniruby.booru.org/index.php?page=post&s=list,200,text/html; charset=UTF-8,https://saniruby.booru.org/index.php?page=post&s=list
Booru.org/GUGs/zzz_-_semoponume@booru.org_tag_search_2018.09.20.png,Booru.org,geht,ok,https://semoponume.booru.org/index.php?page=post&s=list,200,text/html; charset=UTF-8,https://semoponume.booru.org/index.php?page=post&s=list
Booru.org/GUGs/zzz_-_shezow@booru.org_tag_search_2018.09.20.png,Booru.org,geht,ok,https://shezow.booru.org/index.php?page=post&s=list,200,text/html; charset=UTF-8,https://shezow.booru.org/index.php?page=post&s=list
Booru.org/GUGs/zzz_-_sinky@booru.org_tag_search_2018.09.20.png,Booru.org,geht,ok,https://sinky.booru.org/index.php?page=post&s=list,200,text/html; charset=UTF-8,https://sinky.booru.org/index.php?page=post&s=list
Booru.org/GUGs/zzz_-_sonicboomfeet@booru.org_tag_search_2018.09.20.png,Booru.org,geht,ok,https://sonicboomfeet.booru.org/index.php?page=post&s=list,200,text/html; charset=UTF-8,https://sonicboomfeet.booru.org/index.php?page=post&s=list
Booru.org/GUGs/zzz_-_spookiefroot@booru.org_tag_search_2018.09.20.png,Booru.org,geht,ok,https://spookiefroot.booru.org/index.php?page=post&s=list,200,text/html; charset=UTF-8,https://spookiefroot.booru.org/index.php?page=post&s=list
Booru.org/GUGs/zzz_-_sthg@booru.org_tag_search_2018.09.20.png,Booru.org,geht,ok,https://sthg.booru.org/index.php?page=post&s=list,200,text/html; charset=UTF-8,https://sthg.booru.org/index.php?page=post&s=list
Booru.org/GUGs/zzz_-_superwarui@booru.org_tag_search_2018.09.20.png,Booru.org,geht,ok,https://superwarui.booru.org/index.php?page=post&s=list,200,text/html; charset=UTF-8,https://superwarui.booru.org/index.php?page=post&s=list
Booru.org/GUGs/zzz_-_templars@booru.org_tag_search_2018.09.20.png,Booru.org,geht,ok,https://templars.booru.org/index.php?page=post&s=list,200,text/html; charset=UTF-8,https://templars.booru.org/index.php?page=post&s=list
Booru.org/GUGs/zzz_-_thegallery@booru.org_tag_search_2018.09.20.png,Booru.org,geht,ok,https://thegallery.booru.org/index.php?page=post&s=list,200,text/html; charset=UTF-8,https://thegallery.booru.org/index.php?page=post&s=list
Booru.org/GUGs/zzz_-_tmbhentai@booru.org_tag_search_2018.09.20.png,Booru.org,geht,ok,https://tmbhentai.booru.org/index.php?page=post&s=list,200,text/html; charset=UTF-8,https://tmbhentai.booru.org/index.php?page=post&s=list
Booru.org/GUGs/zzz_-_touhoula@booru.org_tag_search_2018.09.20.png,Booru.org,geht,ok,https://touhoula.booru.org/index.php?page=post&s=list,200,text/html; charset=UTF-8,https://touhoula.booru.org/index.php?page=post&s=list
Booru.org/GUGs/zzz_-_tripchan-sfw@booru.org_tag_search_2018.09.20.png,Booru.org,geht,ok,https://tripchan-sfw.booru.org/index.php?page=post&s=list,200,text/html; charset=UTF-8,https://tripchan-sfw.booru.org/index.php?page=post&s=list
Booru.org/GUGs/zzz_-_ultimatehentaiall@booru.org_tag_search_2018.09.20.png,Booru.org,geht,ok,https://ultimatehentaiall.booru.org/index.php?page=post&s=list,200,text/html; charset=UTF-8,https://ultimatehentaiall.booru.org/index.php?page=post&s=list
Booru.org/GUGs/zzz_-_vector@booru.org_tag_search_2018.09.20.png,Booru.org,geht,ok,https://vector.booru.org/index.php?page=post&s=list,200,text/html; charset=UTF-8,https://vector.booru.org/index.php?page=post&s=list
Booru.org/GUGs/zzz_-_vordingborg@booru.org_tag_search_2018.09.20.png,Booru.org,geht,ok,https://vordingborg.booru.org/index.php?page=post&s=list,200,text/html; charset=UTF-8,https://vordingborg.booru.org/index.php?page=post&s=list
Booru.org/GUGs/zzz_-_wazu@booru.org_tag_search_2018.09.20.png,Booru.org,geht,ok,https://wazu.booru.org/index.php?page=post&s=list,200,text/html; charset=UTF-8,https://wazu.booru.org/index.php?page=post&s=list
Booru.org/GUGs/zzz_-_winnerofdeathbattle@booru.org_tag_search_2018.09.20.png,Booru.org,geht,ok,https://winnerofdeathbattle.booru.org/index.php?page=post&s=list,200,text/html; charset=UTF-8,https://winnerofdeathbattle.booru.org/index.php?page=post&s=list
Booru.org/GUGs/zzz_-_xboxsplash@booru.org_tag_search_2018.09.20.png,Booru.org,geht,ok,https://xboxsplash.booru.org/index.php?page=post&s=list,200,text/html; charset=UTF-8,https://xboxsplash.booru.org/index.php?page=post&s=list
Booru.org/GUGs/zzz_-_yoru@booru.org_tag_search_2018.09.20.png,Booru.org,geht,ok,https://yoru.booru.org/index.php?page=post&s=list,200,text/html; charset=UTF-8,https://yoru.booru.org/index.php?page=post&s=list
Booru.org/GUGs/zzz_-_zeroslair@booru.org_tag_search_2018.09.20.png,Booru.org,geht,ok,https://zeroslair.booru.org/index.php?page=post&s=list,200,text/html; charset=UTF-8,https://zeroslair.booru.org/index.php?page=post&s=list
Booru.org/GUGs/zzz_-_zootopiafeet@booru.org_tag_search_2018.09.20.png,Booru.org,geht,ok,https://zootopiafeet.booru.org/index.php?page=post&s=list,200,text/html; charset=UTF-8,https://zootopiafeet.booru.org/index.php?page=post&s=list
Cheerz-profile-downloader.png,Cheerz-profile-downloader.png,geht,ok,https://cheerz.cz/ajax/get-item-feeds?poster_ids%5B%5D=%artist_id%,200,application/json,https://cheerz.cz/ajax/get-item-feeds?poster_ids%255B%255D=%25artist_id%25
Derpibooru/derpibooru 2021-03-20.png,Derpibooru,geht,ok,"https://derpibooru.org/api/v1/json/search/images?q=rainbow+dash,straight",200,application/json; charset=utf-8,"https://derpibooru.org/api/v1/json/search/images?q=rainbow+dash,straight"
Derpibooru/derpibooru_20200611.png,Derpibooru,geht,ok,https://derpibooru.org/1788231?q=bikini,200,text/html; charset=utf-8,https://derpibooru.org/1788231?q=bikini
Desuarchive/desuarchive_thread_2018.12.14.png,Desuarchive,geht,ok,https://desuarchive.org/fit/thread/48570669/,200,text/html; charset=UTF-8,https://desuarchive.org/fit/thread/48570669/
Dropbox/dropbox download-2019.04.26.png,Dropbox,geht,ok,https://www.dropbox.com/s/wvowgcfr4ysj7ua/2019-0425-01-02.zip?dl=0,200,text/html; charset=utf-8,https://www.dropbox.com/scl/fi/i1alzqz5bjmx0iumy847d/2019-0425-01-02.zip?rlkey=umt4mj4rsbxbc4kbxbmtas9e1&dl=0
Dropbox/dropbox.com - version 2019.10.08.png,Dropbox,geht,ok,https://www.dropbox.com/sh/yg8mp9kwz298fwb/AAAxoh3dzYHkH1ZNOKeqIkfza?dl=0,200,text/html; charset=utf-8,https://www.dropbox.com/scl/fo/2te2edaen528qm4ukjfng/AFu3IIEbrXj4NQAuF_gpYAg?rlkey=lk7g0qidc6gm72ik13oovnzeq&dl=0
Dropbox/dropbox.com preset - version 2023.02.27.png,Dropbox,geht,ok,https://www.dropbox.com/sh/yg8mp9kwz298fwb/AAAxoh3dzYHkH1ZNOKeqIkfza?dl=0,200,text/html; charset=utf-8,https://www.dropbox.com/scl/fo/2te2edaen528qm4ukjfng/AFu3IIEbrXj4NQAuF_gpYAg?rlkey=lk7g0qidc6gm72ik13oovnzeq&dl=0
E621/e621-api-2024-12-05.png,E621,geht,ok,https://e621.net/posts/4117611,200,text/html; charset=utf-8,https://e621.net/posts/4117611
E621/e621.net favorites parser.png,E621,geht,ok,https://e621.net/favorites?user_id=1149437,200,application/json; charset=utf-8,https://e621.net/favorites?user_id=1149437
E621/e621.net_-_2020-03-08.png,E621,geht,ok,https://e621.net/posts/1910662,200,text/html; charset=utf-8,https://e621.net/posts/1910662
E926/e926_file_page.png,E926,geht,ok,https://e621.net/post/show/1421754/abstract_background-animal_humanoid-blush-brown_ey,200,text/html; charset=utf-8,https://e621.net/posts/1421754
Exblog/exblog.jp_blog_feed_2018.09.20.png,Exblog,geht,ok,https://pompomtengusa.exblog.jp/,200,text/html; charset=UTF-8,https://pompomtengusa.exblog.jp/
Exblog/exblog.jp_blog_parser_2018.09.20.png,Exblog,geht,ok,https://pompomtengusa.exblog.jp/27004942/,200,text/html; charset=UTF-8,https://pompomtengusa.exblog.jp/27004942/
Exblog/exblog.jp_blog_post_2018.09.20.png,Exblog,geht,ok,https://pompomtengusa.exblog.jp/27004942/,200,text/html; charset=UTF-8,https://pompomtengusa.exblog.jp/27004942/
Fantia/fantia.jp preset - version 2023.02.20.png,Fantia,geht,ok,https://fantia.jp/fanclubs/3016/posts?page=1,200,text/html; charset=utf-8,https://fantia.jp/fanclubs/3016/posts?page=1
Getty/getty.com-2022.10.04v4.png,Getty,geht,ok,https://www.gettyimages.com/photos/-?assettype=image&family=editorial&specificpeople=834481,200,text/html; charset=utf-8,https://www.gettyimages.de/bot-wall?returnUrl=%2Fphotos%2F-%3Fassettype%3Dimage%26family%3Deditorial%26specificpeople%3D834481&language=de
Getty/parts/getty gallery parser.png,Getty,geht,ok,https://www.gettyimages.no/photos/-?assettype=image&family=editorial&page=1&sort=newest&specificpeople=834481,200,text/html; charset=utf-8,https://www.gettyimages.no/bot-wall?returnUrl=%2Fphotos%2F-%3Fassettype%3Dimage%26family%3Deditorial%26page%3D1%26sort%3Dnewest%26specificpeople%3D834481&language=en-us
Getty/parts/getty post json parser.png,Getty,geht,ok,https://www.gettyimages.com/detail/news-photo/actors-jason-momoa-ezra-miller-director-zack-snyder-actors-news-photo/660390490.json,200,text/html; charset=utf-8,https://www.gettyimages.de/bot-wall?returnUrl=%2Fdetail%2Fnews-photo%2Factors-jason-momoa-ezra-miller-director-zack-snyder-actors-news-photo%2F660390490.json&language=de
Getty/parts/getty post parser.png,Getty,geht,ok,https://media.gettyimages.com/id/1318088299/photo/grand-reopening-of-newly-renovated-landmark-theatre-westwood-with-premiere-screening-of-zack.webp?s=612x612&w=gi&k=20&c=PHtHOLe8NR5PBUjd1DTXbPAQ12lo6LbGPkOs8MLixVg=,200,image/webp,https://media.gettyimages.com/id/1318088299/photo/grand-reopening-of-newly-renovated-landmark-theatre-westwood-with-premiere-screening-of-zack.webp?s=612x612&w=gi&k=20&c=PHtHOLe8NR5PBUjd1DTXbPAQ12lo6LbGPkOs8MLixVg=
Getty/parts/getty.com gallery.png,Getty,geht,ok,https://www.gettyimages.com/photos/-?assettype=image&family=editorial&specificpeople=834481,200,text/html; charset=utf-8,https://www.gettyimages.de/bot-wall?returnUrl=%2Fphotos%2F-%3Fassettype%3Dimage%26family%3Deditorial%26specificpeople%3D834481&language=de
Getty/parts/getty.com image json.png,Getty,geht,ok,https://www.gettyimages.com/detail/news-photo/deborah-snyder-and-zack-snyder-attend-the-european-premiere-news-photo/585566722.json,200,text/html; charset=utf-8,https://www.gettyimages.de/bot-wall?returnUrl=%2Fdetail%2Fnews-photo%2Fdeborah-snyder-and-zack-snyder-attend-the-european-premiere-news-photo%2F585566722.json&language=de
Getty/parts/getty.com image.png,Getty,geht,ok,https://www.gettyimages.com/detail/news-photo/deborah-snyder-and-zack-snyder-attend-the-european-premiere-news-photo/585566722,200,text/html; charset=utf-8,https://www.gettyimages.de/bot-wall?returnUrl=%2Fdetail%2Fnews-photo%2Fdeborah-snyder-and-zack-snyder-attend-the-european-premiere-news-photo%2F585566722&language=de
Getty/parts/getty.no gallery.png,Getty,geht,ok,https://www.gettyimages.no/photos/-?assettype=image&family=editorial&specificpeople=834481,200,text/html; charset=utf-8,https://www.gettyimages.no/bot-wall?returnUrl=%2Fphotos%2F-%3Fassettype%3Dimage%26family%3Deditorial%26specificpeople%3D834481&language=en-us
Getty/parts/getty.no image json.png,Getty,geht,ok,https://www.gettyimages.com/detail/news-photo/deborah-snyder-and-zack-snyder-attend-the-european-premiere-news-photo/585566722.json,200,text/html; charset=utf-8,https://www.gettyimages.de/bot-wall?returnUrl=%2Fdetail%2Fnews-photo%2Fdeborah-snyder-and-zack-snyder-attend-the-european-premiere-news-photo%2F585566722.json&language=de
Getty/parts/getty.no image.png,Getty,geht,ok,https://www.gettyimages.com/detail/news-photo/deborah-snyder-and-zack-snyder-attend-the-european-premiere-news-photo/585566722,200,text/html; charset=utf-8,https://www.gettyimages.de/bot-wall?returnUrl=%2Fdetail%2Fnews-photo%2Fdeborah-snyder-and-zack-snyder-attend-the-european-premiere-news-photo%2F585566722&language=de
Hentai-Foundry/2024.12.13_hentai-foundry_-_2_page_parser.png,Hentai-Foundry,geht,ok,https://www.hentai-foundry.com/pictures/user/Gatery/895085/Rebecca-Rosetta-Joz,200,text/html; charset=UTF-8,https://www.hentai-foundry.com/pictures/user/Gatery/895085/Rebecca-Rosetta-Joz
Hentai-Foundry/hentai foundry file page parser - fetches more tags - 2020.07.23.png,Hentai-Foundry,geht,ok,https://www.hentai-foundry.com/pictures/user/AlukardTD/608299/Korra,200,text/html; charset=UTF-8,https://www.hentai-foundry.com/pictures/user/AlukardTD/608299/Korra
HyBooru/hybooru (with booru.funmaker.moe).png,HyBooru,geht,ok,https://booru.funmaker.moe/posts?query=smile,200,text/html; charset=utf-8,https://booru.funmaker.moe/posts?query=smile
Instagram/Instagram_with_timestamps_Nov_2020.png,Instagram,geht,ok,https://www.instagram.com/%username%,200,"text/html; charset=""utf-8""",https://www.instagram.com/%25username%25
Intrigue3d/intrigue3d.com_attachment_url_2018.09.20.png,Intrigue3d,geht,ok,http://www.intrigue3d.com/?attachment_id=9081,200,text/html; charset=utf-8,https://www.intrigue3d.com/?attachment_id=9081
Intrigue3d/intrigue3d.com_post_page_2018.09.20.png,Intrigue3d,geht,ok,http://www.intrigue3d.com/?p=9193,200,text/html; charset=utf-8,https://www.intrigue3d.com/?p=9193
Intrigue3d/intrigue3d.com_post_parser_2018.09.20.png,Intrigue3d,geht,ok,http://www.intrigue3d.com/?p=9193,200,text/html; charset=utf-8,https://www.intrigue3d.com/?p=9193
MSPA.png,MSPA.png,geht,ok,http://mspabooru.com/index.php?page=post&s=list&tags=blue_background,200,text/html; charset=UTF-8,https://mspabooru.com/index.php?page=post&s=list&tags=blue_background
Mediafire/mediafire 2021-03-25.png,Mediafire,geht,ok,https://www.mediafire.com/file/rzbhdyee75ygjp8/2021_March_Super.zip/file,200,text/html; charset=UTF-8,https://www.mediafire.com/file/rzbhdyee75ygjp8/2021_March_Super.zip/file
Moebooru/moebooru file page parser - 2020.07.31.png,Moebooru,geht,ok,https://konachan.com/post/show/267850/2girls-catgirl-close-cropped-isekai_maou_to_shouka,200,text/html; charset=utf-8,https://konachan.com/post/show/267850/2girls-catgirl-close-cropped-isekai_maou_to_shouka
Moebooru/moebooru gallery page parser - 2020.07.31.png,Moebooru,geht,ok,https://konachan.com/post?page=1&tags=landscape,200,text/html; charset=utf-8,https://konachan.com/post?page=1&tags=landscape
Moebooru/url classes/bleachbooru.org file page.png,Moebooru,geht,ok,https://konachan.com/post/show/258390/black_hair-dress-flowers-landscape-long_hair-neckl,200,text/html; charset=utf-8,https://konachan.com/post/show/258390/black_hair-dress-flowers-landscape-long_hair-neckl
Moebooru/url classes/bleachbooru.org gallery page.png,Moebooru,geht,ok,https://konachan.com/post?page=1&tags=landscape,200,text/html; charset=utf-8,https://konachan.com/post?page=1&tags=landscape
Moebooru/url classes/konachan.net pool gallery.png,Moebooru,geht,ok,https://konachan.com/post?page=1&tags=landscape,200,text/html; charset=utf-8,https://konachan.com/post?page=1&tags=landscape
Moebooru/url classes/yande.re file page.png,Moebooru,geht,ok,https://yande.re/post/show/428714,200,text/html; charset=utf-8,https://yande.re/post/show/428714
Moebooru/url classes/yande.re gallery page.png,Moebooru,geht,ok,https://yande.re/post?page=1&tags=atago_%28azur_lane%29,200,text/html; charset=utf-8,https://yande.re/post?page=1&tags=atago_%28azur_lane%29
Nitter/Instances/nitter.13ad.de.png,Nitter,geht,ok,https://nitter.13ad.de/%username%/media,200,text/html,https://13ad.geo.io/
Nitter/Instances/nitter.cattube.org.png,Nitter,geht,ok,https://nitter.cattube.org/%username%/media,200,text/html; charset=utf-8,https://nitter.cattube.org/%25username%25/media
Nitter/Instances/nitter.cc.png,Nitter,geht,ok,https://nitter.cc/%username%/media,200,text/html; charset=utf-8,https://nitter.cc/%25username%25/media
Nitter/Instances/nitter.eu.png,Nitter,geht,ok,https://nitter.eu/%username%/media,200,text/html; charset=UTF-8,https://nitter.eu/%25username%25/media
Nitter/Instances/nitter.himiko.cloud.png,Nitter,geht,ok,https://nitter.himiko.cloud/%username%/media,200,text/html; charset=utf-8,https://nitter.himiko.cloud/%25username%25/media
Nitter/Instances/nitter.pussthecat.org.png,Nitter,geht,ok,https://nitter.pussthecat.org/%username%/media,200,text/html; charset=utf-8,https://pussthecat.org/
Nitter/Instances/nitter.vxempire.xyz.png,Nitter,geht,ok,https://nitter.vxempire.xyz/%username%/media,200,text/html; charset=utf-8,https://nitter.vxempire.xyz/%25username%25/media
Nitter/nitter 2021.02.08.png,Nitter,geht,ok,https://nitter.net/%username%,200,,https://nitter.net/%25username%25
Nitter/nitter tweet parser - fetches tags - 2020-07-30.png,Nitter,geht,ok,https://nitter.net/shiontaso/status/1171098044583907329,200,,https://nitter.net/shiontaso/status/1171098044583907329
Nozomi/nozomi_post_2019.03.29.png,Nozomi,geht,ok,https://nozomi.la/post/7699362.html,200,text/html; charset=UTF-8,https://nozomi.la/post/7699362.html
Piczel/piczel_gallery_url_classes[1].png,Piczel,geht,ok,https://piczel.tv/gallery/image/14245,200,text/html; charset=utf-8,https://piczel.tv/gallery/image/14245
Pixiv/pixiv ranking top100.png,Pixiv,geht,ok,https://www.pixiv.net/ranking.php?mode=daily&format=json,200,application/json; charset=utf-8,https://www.pixiv.net/ranking.php?mode=daily&format=json
Pornhub/pornhub.com_photo_parser_2018.09.20.png,Pornhub,geht,ok,https://www.pornhub.com/photo/206424961,200,text/html; charset=UTF-8,https://www.pornhub.com/photo/206424961
Pornhub/pornhub.com_photo_url_2018.09.20.png,Pornhub,geht,ok,https://www.pornhub.com/photo/206424961,200,text/html; charset=UTF-8,https://www.pornhub.com/photo/206424961
Pornhub/pornhub.com_profile-feed_2018.09.20.png,Pornhub,geht,ok,https://www.pornhub.com/users/broccolibutts,200,text/html; charset=UTF-8,https://www.pornhub.com/model/broccolibutts
Pornhub/pornhub.com_user_videos_2018.09.20.png,Pornhub,geht,ok,https://www.pornhub.com/users/broccolibutts/videos/public,200,text/html; charset=UTF-8,https://www.pornhub.com/model/broccolibutts
Pornhub/pornhub.com_video_gallery_parser_14.08.2020.png,Pornhub,geht,ok,https://www.pornhub.com/users/nyakumi/videos/public,200,text/html; charset=UTF-8,https://www.pornhub.com/users/nyakumi/videos/public
Pornhub/pornhub.com_video_parser_2018.09.20.png,Pornhub,geht,ok,https://www.pornhub.com/view_video.php?viewkey=ph5ae3619bf21e8,200,text/html; charset=UTF-8,https://www.pornhub.com/view_video.php?viewkey=ph5ae3619bf21e8
Pornhub/pornhub.com_video_url_2018.09.20.png,Pornhub,geht,ok,https://www.pornhub.com/view_video.php?viewkey=ph5ae3619bf21e8,200,text/html; charset=UTF-8,https://www.pornhub.com/view_video.php?viewkey=ph5ae3619bf21e8
Postimg/postimg.cc_file_url_2018.09.20.png,Postimg,geht,ok,https://s18.postimg.cc/s5bpg70ax/00-main-aging-morphs-bundle-for-genesis_8_female-s-and-male-s-da.jpg,200,image/jpeg,https://i.postimg.cc/PJFjM79m/00-main-aging-morphs-bundle-for-genesis-8-female-s-and-male-s-da.jpg
Postimg/postimg.cc_post_url_2018.09.20.png,Postimg,geht,ok,https://postimg.cc/image/n6o71nwhx/,200,text/html; charset=UTF-8,https://postimg.cc/zHW6zxJB
Realbooru/Loose files/realbooru gallery page parser.png,Realbooru,geht,ok,https://realbooru.com/index.php?page=post&pid=0&s=list&tags=rating:safe+bikini,200,text/html; charset=UTF-8,https://realbooru.com/index.php?page=post&pid=0&s=list&tags=rating:safe+bikini
Realbooru/Loose files/realbooru.com file page parser.png,Realbooru,geht,ok,https://realbooru.com/index.php?page=post&s=view&id=672989,200,text/html; charset=UTF-8,https://realbooru.com/index.php?page=post&s=view&id=672989
Realbooru/Loose files/realbooru.com post page.png,Realbooru,geht,ok,https://realbooru.com/index.php?page=post&s=view&id=672989,200,text/html; charset=UTF-8,https://realbooru.com/index.php?page=post&s=view&id=672989
Realbooru/Loose files/realbooru.com search query.png,Realbooru,geht,ok,https://realbooru.com/index.php?page=post&s=list&tags=rating%3Asafe+bikini,200,text/html; charset=UTF-8,https://realbooru.com/index.php?page=post&s=list&tags=rating%3Asafe+bikini
Realbooru/realbooru.com - 2020.11.08.png,Realbooru,geht,ok,https://realbooru.com/index.php?page=post&s=list&tags=rating%3Asafe+bikini,200,text/html; charset=UTF-8,https://realbooru.com/index.php?page=post&s=list&tags=rating%3Asafe+bikini
Rebeccablacktech/rebeccablacktech_thread_2018.12.6.png,Rebeccablacktech,geht,ok,https://archive.rebeccablacktech.com/g/thread/68807124/,200,text/html; charset=UTF-8,https://desuarchive.org/g/thread/68807124/
Reddit/Legacy/reddit image gallery parser.png,Reddit,geht,ok,https://www.reddit.com/gallery/r7azw7,200,text/html; charset=utf-8,https://www.reddit.com/r/filmphotography/comments/r7azw7/first_post_in_this_sub_i_got_into_film/
Reddit/Legacy/reddit-2022-01-06.png,Reddit,geht,ok,https://www.reddit.com/r/%sub%/,200,text/html; charset=utf-8,https://www.reddit.com/r/%25sub%25/
Reddit/Legacy/reddit-post-parser-2025-06-27.png,Reddit,geht,ok,https://www.reddit.com/r/Megumin/comments/8wggvm.json,200,application/json; charset=UTF-8,https://www.reddit.com/r/Megumin/comments/8wggvm.json
Reddit/Reddit - All in One (08.Nov.2025).png,Reddit,geht,ok,https://www.reddit.com/user/%user%/submitted/new,200,text/html; charset=utf-8,https://www.reddit.com/user/%25user%25/submitted/new/
Rule34.us/rule34.us-ver0.8.png,Rule34.us,geht,ok,https://rule34.us/index.php?r=posts/view&id=4631078,200,text/html; charset=UTF-8,https://rule34.us/index.php?r=posts/view&id=4631078
Rule34.us/rule34.us-ver0.9.png,Rule34.us,geht,ok,https://rule34.us/index.php?r=posts/view&id=4631078,200,text/html; charset=UTF-8,https://rule34.us/index.php?r=posts/view&id=4631078
Rule34.us/rule34.us-ver1.0.png,Rule34.us,geht,ok,https://rule34.us/index.php?r=posts/index&q=pixel_art&page=0,200,text/html; charset=UTF-8,https://rule34.us/index.php?r=posts/index&q=pixel_art&page=0
Skynmagazine/skynmagazine.com_post_page_2018.09.20.png,Skynmagazine,geht,ok,https://www.skynmagazine.com/original-sin,200,text/html; charset=utf-8,https://www.hugedomains.com/domain_profile.cfm?d=skynmagazine.com
Sxshentai/sxshentai.com_categories_base_(adds_number_1_if_none)_2018.09.20.png,Sxshentai,geht,ok,http://sxshentai.com/category/games/adult-games,200,text/html; charset=UTF-8,https://sxshentai.com:443/category/games/adult-games
Sxshentai/sxshentai.com_categories_pages_2018.09.20.png,Sxshentai,geht,ok,http://sxshentai.com/category/games/adult-games/page/1,200,text/html; charset=UTF-8,https://sxshentai.com/category/games/adult-games
Sxshentai/sxshentai.com_gallery_parser_2018.09.20.png,Sxshentai,geht,ok,http://sxshentai.com/category/comics,200,text/html; charset=UTF-8,https://sxshentai.com:443/category/comics
Sxshentai/sxshentai.com_main_categories_base_(adds_number_1_if_none)_2018.09.20.png,Sxshentai,geht,ok,http://sxshentai.com/category/games/adult-games,200,text/html; charset=UTF-8,https://sxshentai.com:443/category/games/adult-games
Sxshentai/sxshentai.com_main_categories_pages_2018.09.20.png,Sxshentai,geht,ok,http://sxshentai.com/category/games/page/1,200,text/html; charset=UTF-8,https://sxshentai.com/category/games
Sxshentai/sxshentai.com_post_url_2018.09.20.png,Sxshentai,geht,ok,http://sxshentai.com/art-by-supro-a-devilishly-good-time.html,200,text/html; charset=UTF-8,https://sxshentai.com:443/art-by-supro-a-devilishly-good-time.html
Tentaclerape/tentaclerape.net_post_url_2018.09.20.png,Tentaclerape,geht,ok,https://tentaclerape.net/post/view/67869,200,text/html; charset=utf-8,https://tentaclerape.net/post/view/67869
ThotHub/thothub_2020-11-26.png,ThotHub,geht,ok,https://thothub.ru/models/%name%/,200,text/html; charset=utf-8,https://thothub.is
"Tsumino/tsumino.com_book_parser_(wip,_need_to_load_.js_scripts_to_grab_pages)_2018.09.20.png",Tsumino,geht,ok,https://www.tsumino.com/Book/Info/26392/-wicked-woman-akujo-kousatsu-,200,text/html,https://www.tsumino.com/Book/Info/26392/-wicked-woman-akujo-kousatsu-
Tsumino/tsumino_file_url_2018.09.20.png,Tsumino,geht,ok,https://www.tsumino.com/Image/Object?name=KETfZcroK06MQNt2w2nNpw%3D%3D,200,text/html,https://www.tsumino.com/Image/Object?name=KETfZcroK06MQNt2w2nNpw%3D%3D
Tsumino/tsumino_page_url_2018.09.20.png,Tsumino,geht,ok,https://www.tsumino.com/Read/View/26392/1,200,text/html,https://www.tsumino.com/Read/View/26392/1
Tsumino/tsumino_post_url_2018.09.20.png,Tsumino,geht,ok,https://www.tsumino.com/Book/Info/26392/-wicked-woman-akujo-kousatsu-,200,text/html,https://www.tsumino.com/Book/Info/26392/-wicked-woman-akujo-kousatsu-
Twitter/x and twitter post parser using fixupx-2024-11-21.png,Twitter,geht,ok,https://twitter.com/karura_4/status/1777321537760374851,200,text/html; charset=utf-8,https://x.com/karura_4/status/1777321537760374851
Uberbooru/uberbooru_posts_2018.09.20.png,Uberbooru,geht,ok,https://uberbooru.com/posts/3375298,200,text/html,https://uberbooru.com/posts/3375298
Vinebooru/vinebooru_vineshroom.net_post_page_2018.09.20.png,Vinebooru,geht,ok,https://booru.vineshroom.net/post/view/68641,200,text/html; charset=utf-8,https://booru.vineshroom.net/post/view/68641
Wh40kart/wh40kart_no_query_url_2018.09.20.png,Wh40kart,geht,ok,https://wh40kart.im/post/list,200,text/html; charset=UTF-8,https://wh40kart.im/post/list
Xbooru/xbooru_file_page_2018.09.20.png,Xbooru,geht,ok,https://xbooru.com/index.php?page=post&s=view&id=708517,200,text/html; charset=UTF-8,https://xbooru.com/index.php?page=post&s=view&id=708517
Xbooru/xbooru_gallery_page_2018.09.20.png,Xbooru,geht,ok,https://xbooru.com/index.php?page=post&s=list&tags=dickgirl,200,text/html; charset=UTF-8,https://xbooru.com/index.php?page=post&s=list&tags=dickgirl
Zerochan/zerochan.net_2025.05.03.png,Zerochan,geht,ok,https://www.zerochan.net/Hatsune+Miku?p=1&s=id,200,text/html; charset=utf-8,https://www.zerochan.net/Hatsune+Miku?p=1&s=id
alladultx-image-set-search.png,alladultx-image-set-search.png,geht,ok,https://alladultx.com/porncomics/futanari-lara-kozukuri-sex//,200,text/html; charset=utf-8,https://scorchin.com/girls/anal?action=showTokensGiveawayModalDirectLink&affiliateId=150326lluz6q7gprx5f1p504cja77y5cd3ghbrejbfss7r6mvzflvhmbow72osz2&landing=goToTheTag&realDomain=go.scorchin.com&sourceId=alladultx&stripbotVariation=NullWidget&userId=f1bc03569025cd4b84cc2034e14895a7d9375953ce101e23ee44825704d68adb
asmhentai-doujin-lookup-2018.11.29.png,asmhentai-doujin-lookup-2018.11.29.png,geht,ok,https://asmhentai.com/g/241195/,200,text/html; charset=UTF-8,https://asmhentai.com/g/241195/
babesource.com - version 2020-01-05.png,babesource.com - version 2020-01-05.png,geht,ok,https://babesource.com/search/photos/cute/page1.html,200,text/html;charset=utf-8,https://babesource.com/search/photos/cute/page1.html
bleachbooru.org tag search - 2023.08.04.png,bleachbooru.org tag search - 2023.08.04.png,geht,ok,https://konachan.com/post/show/258390/black_hair-dress-flowers-landscape-long_hair-neckl,200,text/html; charset=utf-8,https://konachan.com/post/show/258390/black_hair-dress-flowers-landscape-long_hair-neckl
bsky.app-2025-12-06.png,bsky.app-2025-12-06.png,geht,ok,https://bsky.app/profile/%artist%/,200,text/html; charset=UTF-8,https://bsky.app/profile/%25artist%25
chounyuu-tag-search-2018.11.29.png,chounyuu-tag-search-2018.11.29.png,geht,ok,https://g.chounyuu.com/api/get/tagsearch/1?search=gigantic+breasts,200,application/json,https://g.chounyuu.com/api/get/tagsearch/1?search=gigantic+breasts
clopbooru-tag-search-2018.11.29.png,clopbooru-tag-search-2018.11.29.png,geht,ok,https://clop.booru.org/index.php?page=post&s=view&id=28743,200,text/html; charset=UTF-8,https://clop.booru.org/index.php?page=post&s=view&id=28743
dbnaked.com_model_search.png,dbnaked.com_model_search.png,geht,ok,http://dbnaked.com/models/general/%person%,200,text/html; charset=UTF-8,https://dbnaked.com/error/unknown?url=https://dbnaked.com/models/general/%2525person%2525
deviant art page parsers - fetch tags - 2020-07-18.png,deviant art page parsers - fetch tags - 2020-07-18.png,geht,ok,https://www.deviantart.com/tag/digital,200,text/html; charset=utf-8,https://www.deviantart.com/tag/digital
doujin.io-chapter-2024-12-04.png,doujin.io-chapter-2024-12-04.png,geht,ok,https://doujin.io/api/mangas/232211716/714736631/manifest,200,text/html; charset=UTF-8,https://doujin.io/login
doujins.com tag search 2019.06.18.png,doujins.com tag search 2019.06.18.png,geht,ok,https://doujins.com/searches?words=futanari+loli&page=3,200,text/html; charset=UTF-8,https://doujins.com/searches?words=futanari+loli&page=3
e6ai-api-2024-12-05.png,e6ai-api-2024-12-05.png,geht,ok,https://e621.net/posts/4117611,200,text/html; charset=utf-8,https://e621.net/posts/4117611
efukt.com_2020-09-04.png,efukt.com_2020-09-04.png,geht,ok,https://efukt.com/view.gif.php?id=23171,200,text/html; charset=UTF-8,https://efukt.com/view.gif.php?id=23171
erocurves.com - version 2020-01-05.png,erocurves.com - version 2020-01-05.png,geht,ok,https://www.erocurves.com/models/errotica-archives/page/1/,200,text/html; charset=UTF-8,https://www.erocurves.com/models/errotica-archives/
erofus.com preset - version 2023.04.24.png,erofus.com preset - version 2023.04.24.png,geht,ok,https://www.erofus.com/pic/1728523/witchking00-comics/summer-pool-party/issue-2/14,200,text/html; charset=UTF-8,https://www.erofus.com/pic/1728523/witchking00-comics/summer-pool-party/issue-2/14
femdombooru-tag-search-2018.11.29.png,femdombooru-tag-search-2018.11.29.png,geht,ok,https://dominatrix.booru.org/index.php?page=post&s=view&id=16042,200,text/html; charset=UTF-8,https://dominatrix.booru.org/index.php?page=post&s=view&id=16042
flickr.com - version 2021-12-28.png,flickr.com - version 2021-12-28.png,geht,ok,https://api.flickr.com/services/rest/?group_id=10184953@N00&method=flickr.groups.pools.getPhotos&format=json&nojsoncallback=1&api_key=00eb9ad842dafb5895c83d3a0323123b,200,application/json,https://api.flickr.com/services/rest/?group_id=10184953@N00&method=flickr.groups.pools.getPhotos&format=json&nojsoncallback=1&api_key=00eb9ad842dafb5895c83d3a0323123b
furbooru.org 2021-03-25.png,furbooru.org 2021-03-25.png,geht,ok,"https://furbooru.org/api/v1/json/search/images?q=pokemon,safe",200,application/json; charset=utf-8,"https://furbooru.org/api/v1/json/search/images?q=pokemon,safe"
futabooru-tag-search-2018.11.29.png,futabooru-tag-search-2018.11.29.png,geht,ok,https://futabooru.booru.org/index.php?page=post&s=view&id=13598,200,text/html; charset=UTF-8,https://futabooru.booru.org/index.php?page=post&s=view&id=13598
giphy_file_url_2018.09.20.png,giphy_file_url_2018.09.20.png,geht,ok,https://media.giphy.com/media/DTiW3G0GXWpNu/giphy.gif,200,image/gif,https://media.giphy.com/media/DTiW3G0GXWpNu/giphy.gif
gyazo.com-file-downloader-only.png,gyazo.com-file-downloader-only.png,geht,ok,https://gyazo.com/3f3ce088d6fd946c8a8fd5691c3b0311,200,text/html; charset=utf-8,https://gyazo.com/3f3ce088d6fd946c8a8fd5691c3b0311
hentai2read-doujin-search-2018.11.29.png,hentai2read-doujin-search-2018.11.29.png,geht,ok,https://hentai2read.com/hentai-list/search/%doujin%/all/name-az/1,200,text/html; charset=UTF-8,https://hentai2read.com/hentai-list/search/%25doujin%25/all/name-az/1
hentaihere-doujin-lookup-2018.11.29.png,hentaihere-doujin-lookup-2018.11.29.png,geht,ok,https://hentaihere.com/thumbs/S2092/C36967?page=1,200,text/html; charset=UTF-8,https://hentaihere.com/thumbs/S2092/C36967?page=1
imagefap-gallery-search.png,imagefap-gallery-search.png,geht,ok,https://www.imagefap.com/gallery.php?gid=7545466,200,text/html; charset=UTF-8,https://www.imagefap.com/pictures/7545466/Orin%20x%20Okuu%20Ikenai%20Futanari%20Jigoku%20Seme
imgchest downloader 2024-12-04.png,imgchest downloader 2024-12-04.png,geht,ok,https://imgchest.com/p/69rydv2dykz,200,text/html; charset=UTF-8,https://imgchest.com/p/69rydv2dykz
inkbunny.net preset - version 2023.04.25.png,inkbunny.net preset - version 2023.04.25.png,geht,ok,https://inkbunny.net/submissionsviewall.php?rid=41238b72c1&mode=search&page=1&orderby=create_datetime&text=skirt&stringtype=and&keywords=yes&title=yes&description=no&artist=&favsby=&type=&sale=&days=&keyword_id=&user_id=&random=&md5=,200,text/html; charset=UTF-8,https://inkbunny.net/submissionsviewall.php?rid=21f712465d&mode=search&page=1&orderby=create_datetime&text=skirt&stringtype=and&keywords=yes&title=yes&description=no&artist=&favsby=&type=&days=&keyword_id=&user_id=&random=&md5=
instantfap-gallery-search-parser.png,instantfap-gallery-search-parser.png,geht,ok,http://instantfap.com/post/130676,200,text/html; charset=utf-8,https://instantfapcams.com/?affiliateId=150326s3foh01ae8zqt0m5ivipkb9fiq1zdyjp4ib4s0d8g7l7gykb9a8gni2z2m&campaignId=instantfap&realDomain=go.zybrdr.com&stripbotVariation=NullWidget&userId=26fe53c1df7d8a5f7f92ef989dc4fc3381a243f6d6a93409a479b06a63266261
julayworld thread.png,julayworld thread.png,geht,ok,https://julay.world/tech/res/66.json,200,application/json; charset=utf-8,https://alogs.space/tech/res/66.json
keep2share_(k2c.cc)_2018.09.20.png,keep2share_(k2c.cc)_2018.09.20.png,geht,ok,https://k2s.cc/file/ca4b2ec341070/ADevilishly.rar,200,text/html; charset=UTF-8,https://k2s.cc/file/ca4b2ec341070/ADevilishly.rar
konachan.com_pool-download-2025.02.17.png,konachan.com_pool-download-2025.02.17.png,geht,ok,https://konachan.com/pool/show/509,200,text/html; charset=utf-8,https://konachan.com/pool/show/509
konachan.net_pool-download-2025.02.17.png,konachan.net_pool-download-2025.02.17.png,geht,ok,https://konachan.net/pool/show/541,200,text/html; charset=utf-8,https://konachan.net/pool/show/541
mastodon-top-100.png,mastodon-top-100.png,geht,ok,https://baraag.net/@Kidmo/102153162558838547,200,text/html; charset=utf-8,https://baraag.net/@Kidmo/102153162558838547
motherless.com - 2020-01-02 U1.png,motherless.com - 2020-01-02 U1.png,geht,ok,https://motherless.com/F1F9FA4,200,text/html; charset=utf-8,https://motherless.com/F1F9FA4
nhentai.net-search-sort-date-popular-2022.03.19.png,nhentai.net-search-sort-date-popular-2022.03.19.png,geht,ok,https://nhentai.net/search/?q=%2B%22english%22&sort=popular,200,text/html; charset=utf-8,https://nhentai.net/search/?q=%2B%22english%22&sort=popular
ofans.party 2021-03-29.png,ofans.party 2021-03-29.png,geht,ok,https://api.ofans.party/posts/%creator%,200,text/html; charset=UTF-8,https://api.ofans.party/posts/%25creator%25
pichunter.com - version 2020-01-05.png,pichunter.com - version 2020-01-05.png,geht,ok,https://www.pichunter.com/gallery/3616089/Cute_blonde_teen_Casi_James#11,200,text/html; charset=UTF-8,https://www.pichunter.com#11
pillowfort.social_2020-09-04.png,pillowfort.social_2020-09-04.png,geht,ok,https://pillowfort.social/ionomycin/json,200,application/json; charset=utf-8,https://www.pillowfort.social/ionomycin/json
ponybooru 2022-01-03.png,ponybooru 2022-01-03.png,geht,ok,"https://ponybooru.org/api/v1/json/search/images?q=rainbow+dash,straight",200,application/json; charset=utf-8,"https://ponybooru.org/api/v1/json/search/images?q=rainbow+dash,straight"
pornpics.com - version 2020-01-05.png,pornpics.com - version 2020-01-05.png,geht,ok,https://www.pornpics.com/?q=selfie&date=popular&page=1,200,text/html; charset=utf-8,https://www.pornpics.com/selfie/
realbooru.com-search-2018.09.21.png,realbooru.com-search-2018.09.21.png,geht,ok,https://realbooru.com/index.php?page=post&s=list&tags=rating%3Asafe+bikini,200,text/html; charset=UTF-8,https://realbooru.com/index.php?page=post&s=list&tags=rating%3Asafe+bikini
rule34.xxx api - 2021-06-14.png,rule34.xxx api - 2021-06-14.png,geht,ok,https://rule34.xxx/index.php?page=dapi&s=post&q=index&id=2592511,200,text/xml; charset=utf-8,https://api.rule34.xxx//index.php?page=dapi&s=post&q=index&id=2592511
rule34.xyz - 2020-12-13.png,rule34.xyz - 2020-12-13.png,geht,ok,https://rule34.xyz/post/2941539,200,text/html; charset=utf-8,https://rule34.xyz/post/2941539
rule34.xyz-tag-search.png,rule34.xyz-tag-search.png,geht,ok,https://rule34.xyz/post/2941539,200,text/html; charset=utf-8,https://rule34.xyz/post/2941539
rule34video.com & rule34gen.com - v2025.01.26.png,rule34video.com & rule34gen.com - v2025.01.26.png,geht,ok,https://rule34video.com/tags/PMV,200,text/html; charset=utf-8,https://rule34video.com/tags/PMV/
sofurry.com - v.2019.02.27.png,sofurry.com - v.2019.02.27.png,geht,ok,https://www.sofurry.com/view/881362,200,text/html; charset=utf-8,https://sofurry.com/?url=/view/881362
spacetelescope.org_post_parser_2018.09.20.png,spacetelescope.org_post_parser_2018.09.20.png,geht,ok,https://www.spacetelescope.org/images/heic1509a/,200,text/html; charset=utf-8,https://esahubble.org/images/heic1509a/
sta.sh-downloader_only.png,sta.sh-downloader_only.png,geht,ok,https://sta.sh/01d992madq3i,200,text/html; charset=utf-8,https://www.deviantart.com/stash/01d992madq3i
subscribestar.adult/subscribestar.adult 2020.08.09.png,subscribestar.adult,geht,ok,https://subscribestar.adult/posts/119528,200,text/html; charset=utf-8,https://www.subscribestar.com/posts/119528
subscribestar.adult/subscribestar.adult 2021.12.08.png,subscribestar.adult,geht,ok,https://subscribestar.adult/posts/119528,200,text/html; charset=utf-8,https://www.subscribestar.com/posts/119528
subscribestar.adult/subscribestar.adult 2025.04.24.png,subscribestar.adult,geht,ok,https://subscribestar.adult/subscribestar,200,text/html; charset=utf-8,https://www.subscribestar.com/subscribestar?redirect_notice=true
subscribestar.adult/subscribestar.adult w.notes and inline img parsing - version 2023.04.07.png,subscribestar.adult,geht,ok,https://subscribestar.adult/posts/119528,200,text/html; charset=utf-8,https://www.subscribestar.com/posts/119528
superfuta-tag-search-2018.11.29.png,superfuta-tag-search-2018.11.29.png,geht,ok,https://g.superfuta.com/api/get/tagsearch/1?search=gigantic+breasts,200,application/json,https://g.superfuta.com/api/get/tagsearch/1?search=gigantic+breasts
tumblr-liked-page.png,tumblr-liked-page.png,geht,ok,https://www.tumblr.com/liked/by/%username%/page/1,200,text/html; charset=utf-8,https://www.tumblr.com/privacy/consent/begin?redirect=https%3A%2F%2Fwww.tumblr.com%2Fliked%2Fby%2F%2525username%2525%2Fpage%2F1&v=2
twibooru 2022-01-03.png,twibooru 2022-01-03.png,geht,ok,https://derpibooru.org/1788231?q=bikini,200,text/html; charset=utf-8,https://derpibooru.org/1788231?q=bikini
utopia-tag-search-2018.11.29.png,utopia-tag-search-2018.11.29.png,geht,ok,https://no.booru.org/index.php?page=post&s=list&tags=natsumi_vixen,200,text/html; charset=UTF-8,https://no.booru.org/index.php?page=post&s=list&tags=natsumi_vixen
visuabusters.com 2022.04.17.png,visuabusters.com 2022.04.17.png,geht,ok,https://www.visuabusters.com/booru/item/131,200,text/html,https://www.visuabusters.com/booru/post/131
vk.com video downloader - 2020-12-12.png,vk.com video downloader - 2020-12-12.png,geht,ok,https://vk.com/video4142127_456240146,200,text/html; charset=utf-8,https://m.vk.com/video4142127_456240146
wallhaven/wallhaven.cc - version 2020-03-01.png,wallhaven,geht,ok,https://wallhaven.cc/search?q=cute&categories=111&purity=100&sorting=relevance&order=desc&page=1,200,text/html; charset=UTF-8,https://wallhaven.cc/search?q=cute&categories=111&purity=100&sorting=relevance&order=desc&page=1
wallhaven/wallhaven.cc preset - version 2023.01.11.png,wallhaven,geht,ok,https://wallhaven.cc/api/v1/search?q=my_tags,200,application/json,https://wallhaven.cc/api/v1/search?q=my_tags
weasyl-tag-search-2018-11-29.png,weasyl-tag-search-2018-11-29.png,geht,ok,https://www.weasyl.com/~windwolf/submissions/1702839/trust,200,text/html; charset=UTF-8,https://www.weasyl.com/~windwolf/submissions/1702839/trust
weibo.com preset - version 2023.02.12.png,weibo.com preset - version 2023.02.12.png,geht,ok,https://m.weibo.cn/status/4813690614319640,200,text/html,https://visitor.passport.weibo.cn/visitor/visitor?entry=sinawap&a=enter&url=https%3A%2F%2Fm.weibo.cn%2Fstatus%2F4813690614319640&domain=.weibo.cn&sudaref=&ua=php-sso_sdk_client-0.6.36&_rand=1773592821.9699
wildcritters full site search 2019.06.18.png,wildcritters full site search 2019.06.18.png,geht,ok,https://archive.wildcritters.ws/post/list/at+balls/2,200,text/html; charset=UTF-8,https://archive.wildcritters.ws/post/list/at+balls/2
xhamster-gallery-downloader-tags.png,xhamster-gallery-downloader-tags.png,geht,ok,https://xhamster.com/users/biggerbigballs69/photos,200,text/html; charset=UTF-8,https://xhamster.com/users/profiles/biggerbigballs69
xhamster.com - version 2020-01-05.png,xhamster.com - version 2020-01-05.png,geht,ok,https://xhamster.com/search/photos?q=cute,200,text/html; charset=UTF-8,https://xhamster.com/photos/search/cute
xkcd.png,xkcd.png,geht,ok,https://www.qwantz.com/index.php?comic=3375,200,text/html; charset=UTF-8,https://www.qwantz.com/index.php?comic=3375
yande.re-tag-search-2018.09.22.png,yande.re-tag-search-2018.09.22.png,geht,ok,https://yande.re/post?page=1&tags=atago_%28azur_lane%29,200,text/html; charset=utf-8,https://yande.re/post?page=1&tags=atago_%28azur_lane%29
yande.re_pool-download-2025.02.17.png,yande.re_pool-download-2025.02.17.png,geht,ok,https://yande.re/pool/show/99126,200,text/html; charset=utf-8,https://yande.re/pool/show/99126
yuni.us all in one 2021-01-14.png,yuni.us all in one 2021-01-14.png,geht,ok,https://yuni.us/?q=%s,200,text/html; charset=UTF-8,https://yuni.us/?q=%25s
